{
  "mlp(32, 16)_vol(16, 8)": {
    "1_BS_Delta": {
      "mshe": 0.007653509554982486,
      "cvar": 0.2438826774088589
    },
    "1b_Heston_Delta": {
      "mshe": 0.007206621419109551,
      "cvar": 0.241828720975223
    },
    "2_VolNet": {
      "mshe": 0.006573138184492885,
      "cvar": 0.22356065822755358
    },
    "2b_VolNet_naive": {
      "mshe": 0.0069922268868841024,
      "cvar": 0.2324119128583928
    },
    "3_Ridge": {
      "mshe": 0.1382382430655456,
      "cvar": 0.9092931344592179
    },
    "4_MLP_MSHE": {
      "mshe": 0.006873554332934013,
      "cvar": 0.22520412959256633
    },
    "5_MLP_CVaR_sel": {
      "mshe": 0.006884803924825117,
      "cvar": 0.2245562090682151
    },
    "6_MLP_CVaR_e2e": {
      "mshe": 0.00660000149604484,
      "cvar": 0.21646725252720808
    }
  },
  "mlp(64, 32)_vol(32, 16)": {
    "1_BS_Delta": {
      "mshe": 0.007653509554982486,
      "cvar": 0.2438826774088589
    },
    "1b_Heston_Delta": {
      "mshe": 0.007206621419109551,
      "cvar": 0.241828720975223
    },
    "2_VolNet": {
      "mshe": 0.006579293848082374,
      "cvar": 0.2236359856775214
    },
    "2b_VolNet_naive": {
      "mshe": 0.006998508028459584,
      "cvar": 0.23250293255166976
    },
    "3_Ridge": {
      "mshe": 0.1382382430655456,
      "cvar": 0.9092931344592179
    },
    "4_MLP_MSHE": {
      "mshe": 0.006808118784226318,
      "cvar": 0.22410889835267483
    },
    "5_MLP_CVaR_sel": {
      "mshe": 0.006788895697766614,
      "cvar": 0.2234568367863138
    },
    "6_MLP_CVaR_e2e": {
      "mshe": 0.006475693223378725,
      "cvar": 0.21502100411971356
    }
  },
  "mlp(128, 64)_vol(64, 32)": {
    "1_BS_Delta": {
      "mshe": 0.007653509554982486,
      "cvar": 0.2438826774088589
    },
    "1b_Heston_Delta": {
      "mshe": 0.007206621419109551,
      "cvar": 0.241828720975223
    },
    "2_VolNet": {
      "mshe": 0.0065755857904951885,
      "cvar": 0.22361531864623804
    },
    "2b_VolNet_naive": {
      "mshe": 0.006986801851217177,
      "cvar": 0.23228459822550893
    },
    "3_Ridge": {
      "mshe": 0.1382382430655456,
      "cvar": 0.9092931344592179
    },
    "4_MLP_MSHE": {
      "mshe": 0.006747279949757834,
      "cvar": 0.2233489728530776
    },
    "5_MLP_CVaR_sel": {
      "mshe": 0.006862896943119244,
      "cvar": 0.22404801836818092
    },
    "6_MLP_CVaR_e2e": {
      "mshe": 0.006401393816973166,
      "cvar": 0.21482224260257918
    }
  }
}