{
  "gbm": {
    "1_BS_Delta": {
      "mshe": 0.0029058752248854003,
      "cvar": 0.16497773538404656
    },
    "2_VolNet": {
      "mshe": 0.0029063453054469627,
      "cvar": 0.16498947450158802
    },
    "2b_VolNet_naive": {
      "mshe": 0.002925666172089085,
      "cvar": 0.16564313433168298
    },
    "3_Ridge": {
      "mshe": 0.03383440629088757,
      "cvar": 0.488010342221529
    },
    "4_MLP_MSHE": {
      "mshe": 0.0034276342471407147,
      "cvar": 0.17811800345850096
    },
    "5_MLP_CVaR_sel": {
      "mshe": 0.00347141300936418,
      "cvar": 0.17920462050348807
    },
    "6_MLP_CVaR_e2e": {
      "mshe": 0.0029958914551922572,
      "cvar": 0.16696308175010563
    }
  },
  "heston": {
    "1_BS_Delta": {
      "mshe": 0.007825855441940473,
      "cvar": 0.24508052079688944
    },
    "1b_Heston_Delta": {
      "mshe": 0.007206621419109551,
      "cvar": 0.241828720975223
    },
    "2_VolNet": {
      "mshe": 0.00729422522824405,
      "cvar": 0.23509004269280045
    },
    "2b_VolNet_naive": {
      "mshe": 0.008104953281587078,
      "cvar": 0.2512005023344838
    },
    "3_Ridge": {
      "mshe": 0.03479327323926452,
      "cvar": 0.47498817233686363
    },
    "4_MLP_MSHE": {
      "mshe": 0.0073142987518224544,
      "cvar": 0.23232572850048244
    },
    "5_MLP_CVaR_sel": {
      "mshe": 0.007394516109678035,
      "cvar": 0.23240023142609534
    },
    "6_MLP_CVaR_e2e": {
      "mshe": 0.007193435624864327,
      "cvar": 0.22635961386729236
    }
  },
  "merton": {
    "1_BS_Delta": {
      "mshe": 0.05420663877287013,
      "cvar": 0.2803518638304726
    },
    "2_VolNet": {
      "mshe": 0.0493489334759119,
      "cvar": 0.31774390352968984
    },
    "2b_VolNet_naive": {
      "mshe": 0.05256733875784753,
      "cvar": 0.26611008911697775
    },
    "3_Ridge": {
      "mshe": 0.06275117656011671,
      "cvar": 0.5432261899493248
    },
    "4_MLP_MSHE": {
      "mshe": 0.04673715699680461,
      "cvar": 0.36962999519042294
    },
    "5_MLP_CVaR_sel": {
      "mshe": 0.05015397436415316,
      "cvar": 0.3355908706818226
    },
    "6_MLP_CVaR_e2e": {
      "mshe": 0.05636986089989465,
      "cvar": 0.24566782713306481
    }
  }
}