{
  "gbm": {
    "1_BS_Delta": {
      "mshe": 0.0029058752248854003,
      "mshe_std": 0.0,
      "cvar": 0.16497773538404656,
      "cvar_std": 0.0
    },
    "2_VolNet": {
      "mshe": 0.0029061586896402935,
      "mshe_std": 1.284892395287842e-07,
      "cvar": 0.16498534240541027,
      "cvar_std": 4.77912786479655e-06
    },
    "2b_VolNet_naive": {
      "mshe": 0.002926629094427253,
      "mshe_std": 4.433652826702221e-06,
      "cvar": 0.16569014028405596,
      "cvar_std": 0.0001297566542187945
    },
    "3_Ridge": {
      "mshe": 0.13658390483021274,
      "mshe_std": 0.0,
      "cvar": 0.9123552855110034,
      "cvar_std": 0.0
    },
    "4_MLP_MSHE": {
      "mshe": 0.0033677054300353705,
      "mshe_std": 7.358115525636192e-06,
      "cvar": 0.17643029748146102,
      "cvar_std": 0.0001947458518126737
    },
    "5_MLP_CVaR_sel": {
      "mshe": 0.0033747790590184516,
      "mshe_std": 1.9649320122724288e-06,
      "cvar": 0.17648166155493591,
      "cvar_std": 3.784704037333054e-05
    },
    "6_MLP_CVaR_e2e": {
      "mshe": 0.003015243903343996,
      "mshe_std": 1.7455845152339224e-05,
      "cvar": 0.16684561652297616,
      "cvar_std": 0.0002697968696349331
    }
  },
  "heston": {
    "1_BS_Delta": {
      "mshe": 0.007653509554982486,
      "mshe_std": 0.0,
      "cvar": 0.2438826774088589,
      "cvar_std": 0.0
    },
    "1b_Heston_Delta": {
      "mshe": 0.007206621419109551,
      "mshe_std": 0.0,
      "cvar": 0.241828720975223,
      "cvar_std": 0.0
    },
    "2_VolNet": {
      "mshe": 0.006587007766833404,
      "mshe_std": 1.727405430671426e-05,
      "cvar": 0.22364148124766237,
      "cvar_std": 0.000226454075504325
    },
    "2b_VolNet_naive": {
      "mshe": 0.006990883579322754,
      "mshe_std": 3.5747882754199894e-06,
      "cvar": 0.23231813066810889,
      "cvar_std": 0.0001105956064876367
    },
    "3_Ridge": {
      "mshe": 0.1382382430655456,
      "mshe_std": 0.0,
      "cvar": 0.9092931344592179,
      "cvar_std": 0.0
    },
    "4_MLP_MSHE": {
      "mshe": 0.006729449117026547,
      "mshe_std": 2.787202213630069e-05,
      "cvar": 0.22267515213382338,
      "cvar_std": 0.00045668027449638027
    },
    "5_MLP_CVaR_sel": {
      "mshe": 0.006786754103339021,
      "mshe_std": 2.825162096929687e-05,
      "cvar": 0.2230591458110284,
      "cvar_std": 0.0008080428619559915
    },
    "6_MLP_CVaR_e2e": {
      "mshe": 0.006486399446366511,
      "mshe_std": 6.692047955039744e-06,
      "cvar": 0.21551715196882082,
      "cvar_std": 0.00026245852738420957
    }
  },
  "merton": {
    "1_BS_Delta": {
      "mshe": 0.06069420842383331,
      "mshe_std": 6.938893903907228e-18,
      "cvar": 0.3020897999185435,
      "cvar_std": 0.0
    },
    "2_VolNet": {
      "mshe": 0.04911053000447265,
      "mshe_std": 0.0003237560831337563,
      "cvar": 0.3180614377890247,
      "cvar_std": 0.003026706364940915
    },
    "2b_VolNet_naive": {
      "mshe": 0.05254487916119213,
      "mshe_std": 2.6585334200630373e-05,
      "cvar": 0.26557875827784194,
      "cvar_std": 0.0007071747538415441
    },
    "3_Ridge": {
      "mshe": 0.16091299944152754,
      "mshe_std": 0.0,
      "cvar": 0.8867150444522727,
      "cvar_std": 0.0
    },
    "4_MLP_MSHE": {
      "mshe": 0.04735183064856302,
      "mshe_std": 9.97644525275575e-05,
      "cvar": 0.36298391686099346,
      "cvar_std": 0.00629994781150462
    },
    "5_MLP_CVaR_sel": {
      "mshe": 0.0493526963017222,
      "mshe_std": 0.0005614894661777269,
      "cvar": 0.3373771372126581,
      "cvar_std": 0.0031447795135181255
    },
    "6_MLP_CVaR_e2e": {
      "mshe": 0.05622936426797434,
      "mshe_std": 0.00011155501590831407,
      "cvar": 0.24532763052018722,
      "cvar_std": 0.00018462363509296086
    }
  }
}