{
  "heston_tc0.0000": {
    "1_BS_Delta": {
      "mshe": 0.007653509554982486,
      "cvar": 0.2438826774088589,
      "mshe_tc": 0.007653509554982486,
      "cvar_tc": 0.2438826774088589
    },
    "1b_Heston_Delta": {
      "mshe": 0.007206621419109551,
      "cvar": 0.241828720975223,
      "mshe_tc": 0.007206621419109551,
      "cvar_tc": 0.241828720975223
    },
    "2_VolNet": {
      "mshe": 0.006574592130389609,
      "cvar": 0.2235003748001564,
      "mshe_tc": 0.006574592130389609,
      "cvar_tc": 0.2235003748001564
    },
    "2b_VolNet_naive": {
      "mshe": 0.006991317845274992,
      "cvar": 0.23242465858643607,
      "mshe_tc": 0.006991317845274992,
      "cvar_tc": 0.23242465858643607
    },
    "3_Ridge": {
      "mshe": 0.1382382430655456,
      "cvar": 0.9092931344592179,
      "mshe_tc": 0.1382382430655456,
      "cvar_tc": 0.9092931344592179
    },
    "4_MLP_MSHE": {
      "mshe": 0.00672321963792491,
      "cvar": 0.22225887722175516,
      "mshe_tc": 0.00672321963792491,
      "cvar_tc": 0.22225887722175516
    },
    "5_MLP_CVaR_sel": {
      "mshe": 0.0068199189871998725,
      "cvar": 0.22353788391734156,
      "mshe_tc": 0.0068199189871998725,
      "cvar_tc": 0.22353788391734156
    },
    "6_MLP_CVaR_e2e": {
      "mshe": 0.00644378182306414,
      "cvar": 0.2149883206801541,
      "mshe_tc": 0.00644378182306414,
      "cvar_tc": 0.2149883206801541
    }
  },
  "heston_tc0.0010": {
    "1_BS_Delta": {
      "mshe": 0.007653509554982486,
      "cvar": 0.2438826774088589,
      "mshe_tc": 0.013055867341747015,
      "cvar_tc": 0.19662755760572567
    },
    "1b_Heston_Delta": {
      "mshe": 0.007206621419109551,
      "cvar": 0.241828720975223,
      "mshe_tc": 0.012667071216712908,
      "cvar_tc": 0.19161277371512686
    },
    "2_VolNet": {
      "mshe": 0.006574592130389609,
      "cvar": 0.2235003748001564,
      "mshe_tc": 0.011723379610982531,
      "cvar_tc": 0.18000563884073453
    },
    "2b_VolNet_naive": {
      "mshe": 0.006991317845274992,
      "cvar": 0.23242465858643607,
      "mshe_tc": 0.012343756881220875,
      "cvar_tc": 0.18588772185282604
    },
    "3_Ridge": {
      "mshe": 0.1382382430655456,
      "cvar": 0.9092931344592179,
      "mshe_tc": 0.1421219439784597,
      "cvar_tc": 0.8602610110102724
    },
    "4_MLP_MSHE": {
      "mshe": 0.00672321963792491,
      "cvar": 0.22225887722175516,
      "mshe_tc": 0.011753654795261683,
      "cvar_tc": 0.18100945363396248
    },
    "5_MLP_CVaR_sel": {
      "mshe": 0.0068199189871998725,
      "cvar": 0.22353788391734156,
      "mshe_tc": 0.011830048828117395,
      "cvar_tc": 0.18235693435564693
    },
    "6_MLP_CVaR_e2e": {
      "mshe": 0.00644378182306414,
      "cvar": 0.2149883206801541,
      "mshe_tc": 0.01142015962495788,
      "cvar_tc": 0.17309181355520262
    }
  },
  "heston_tc0.0050": {
    "1_BS_Delta": {
      "mshe": 0.007653509554982486,
      "cvar": 0.2438826774088589,
      "mshe_tc": 0.12968717496710355,
      "cvar_tc": 0.08468053894916296
    },
    "1b_Heston_Delta": {
      "mshe": 0.007206621419109551,
      "cvar": 0.241828720975223,
      "mshe_tc": 0.13068197206227658,
      "cvar_tc": 0.06571890227076761
    },
    "2_VolNet": {
      "mshe": 0.006574592130389609,
      "cvar": 0.2235003748001564,
      "mshe_tc": 0.12292904924040848,
      "cvar_tc": 0.07826237372060452
    },
    "2b_VolNet_naive": {
      "mshe": 0.006991317845274992,
      "cvar": 0.23242465858643607,
      "mshe_tc": 0.12795849238850174,
      "cvar_tc": 0.07690990024651441
    },
    "3_Ridge": {
      "mshe": 0.1382382430655456,
      "cvar": 0.9092931344592179,
      "mshe_tc": 0.22389692600050748,
      "cvar_tc": 0.6717983701393808
    },
    "4_MLP_MSHE": {
      "mshe": 0.00672321963792491,
      "cvar": 0.22225887722175516,
      "mshe_tc": 0.12046127620499077,
      "cvar_tc": 0.08640377679347418
    },
    "5_MLP_CVaR_sel": {
      "mshe": 0.0068199189871998725,
      "cvar": 0.22353788391734156,
      "mshe_tc": 0.12008733932574413,
      "cvar_tc": 0.08794326348119341
    },
    "6_MLP_CVaR_e2e": {
      "mshe": 0.00644378182306414,
      "cvar": 0.2149883206801541,
      "mshe_tc": 0.11894093006639073,
      "cvar_tc": 0.07685042398036036
    }
  }
}