{
  "merton": {
    "1_BS_Delta": {
      "mshe": 0.060694208423833315,
      "cvar": 0.3020897999185435
    },
    "2_VolNet": {
      "mshe": 0.048875299221876056,
      "cvar": 0.3177202563106503
    },
    "2b_VolNet_naive": {
      "mshe": 0.052457151212878056,
      "cvar": 0.26650814159694075
    },
    "3_Ridge": {
      "mshe": 0.16091299944152754,
      "cvar": 0.8867150444522727
    },
    "4_MLP_MSHE": {
      "mshe": 0.047228648567649384,
      "cvar": 0.3682031244629496
    },
    "5_MLP_CVaR_sel": {
      "mshe": 0.049540016876872366,
      "cvar": 0.3331737051027986
    },
    "6_MLP_CVaR_e2e": {
      "mshe": 0.05623682582476729,
      "cvar": 0.24540178863953327
    }
  }
}