{
  "heston_daily": {
    "1_BS_Delta": {
      "mshe": 0.007653509554982486,
      "cvar": 0.2438826774088589
    },
    "1b_Heston_Delta": {
      "mshe": 0.007206621419109551,
      "cvar": 0.241828720975223
    },
    "2_VolNet": {
      "mshe": 0.006575269953723873,
      "cvar": 0.2236977742506246
    },
    "2b_VolNet_naive": {
      "mshe": 0.006983942820233736,
      "cvar": 0.23211762977907205
    },
    "3_Ridge": {
      "mshe": 0.1382382430655456,
      "cvar": 0.9092931344592179
    },
    "4_MLP_MSHE": {
      "mshe": 0.00669055265827661,
      "cvar": 0.22207808363365306
    },
    "5_MLP_CVaR_sel": {
      "mshe": 0.006808898161574256,
      "cvar": 0.22346751374700488
    },
    "6_MLP_CVaR_e2e": {
      "mshe": 0.006503195361853729,
      "cvar": 0.21553814672916852
    }
  },
  "heston_weekly": {
    "1_BS_Delta": {
      "mshe": 0.0820811320818018,
      "cvar": 0.861269385189717
    },
    "1b_Heston_Delta": {
      "mshe": 0.08046589262892863,
      "cvar": 0.8642389252877765
    },
    "2_VolNet": {
      "mshe": 0.07540564465235439,
      "cvar": 0.8184750002348198
    },
    "2b_VolNet_naive": {
      "mshe": 0.07973882425365864,
      "cvar": 0.850258574424572
    },
    "3_Ridge": {
      "mshe": 0.6438975599300375,
      "cvar": 2.0483802170863745
    },
    "4_MLP_MSHE": {
      "mshe": 0.07353266120747734,
      "cvar": 0.8001830900359351
    },
    "5_MLP_CVaR_sel": {
      "mshe": 0.07460457036194593,
      "cvar": 0.7997103966709873
    },
    "6_MLP_CVaR_e2e": {
      "mshe": 0.0754611217837623,
      "cvar": 0.7913712397822701
    }
  }
}