{
  "merton_sigmaJ0.05": {
    "1_BS_Delta": {
      "mshe": 0.016154274450446572,
      "cvar": 0.21362922363813508
    },
    "2_VolNet": {
      "mshe": 0.013410477783708111,
      "cvar": 0.1842918356745049
    },
    "2b_VolNet_naive": {
      "mshe": 0.013725413491425349,
      "cvar": 0.1805033554084901
    },
    "3_Ridge": {
      "mshe": 0.12302167223971294,
      "cvar": 0.8140258845224569
    },
    "4_MLP_MSHE": {
      "mshe": 0.01328863555987849,
      "cvar": 0.2165123325192146
    },
    "5_MLP_CVaR_sel": {
      "mshe": 0.013841195227896251,
      "cvar": 0.20192420602057456
    },
    "6_MLP_CVaR_e2e": {
      "mshe": 0.014445070608093094,
      "cvar": 0.17114266795463048
    }
  },
  "merton_sigmaJ0.10": {
    "1_BS_Delta": {
      "mshe": 0.060694208423833315,
      "cvar": 0.3020897999185435
    },
    "2_VolNet": {
      "mshe": 0.04855094241169484,
      "cvar": 0.32058980582774926
    },
    "2b_VolNet_naive": {
      "mshe": 0.052441623835649,
      "cvar": 0.26682791254985677
    },
    "3_Ridge": {
      "mshe": 0.16091299944152754,
      "cvar": 0.8867150444522727
    },
    "4_MLP_MSHE": {
      "mshe": 0.04749612616872702,
      "cvar": 0.35387668173050485
    },
    "5_MLP_CVaR_sel": {
      "mshe": 0.050365425692670676,
      "cvar": 0.3397703799685894
    },
    "6_MLP_CVaR_e2e": {
      "mshe": 0.056067547571640515,
      "cvar": 0.24538397359713068
    }
  },
  "merton_sigmaJ0.15": {
    "1_BS_Delta": {
      "mshe": 0.1541259965795188,
      "cvar": 0.412947176359157
    },
    "2_VolNet": {
      "mshe": 0.12294825224456775,
      "cvar": 0.4915104217270088
    },
    "2b_VolNet_naive": {
      "mshe": 0.1323112969463668,
      "cvar": 0.3804370326718325
    },
    "3_Ridge": {
      "mshe": 0.22457012726942527,
      "cvar": 0.9823233866453103
    },
    "4_MLP_MSHE": {
      "mshe": 0.11599258836109495,
      "cvar": 0.5429569353997223
    },
    "5_MLP_CVaR_sel": {
      "mshe": 0.1265089428065986,
      "cvar": 0.5185896060651094
    },
    "6_MLP_CVaR_e2e": {
      "mshe": 0.14427885522867553,
      "cvar": 0.34288183545616086
    }
  },
  "merton_sigmaJ0.20": {
    "1_BS_Delta": {
      "mshe": 0.3100217602031372,
      "cvar": 0.53392702544502
    },
    "2_VolNet": {
      "mshe": 0.241485149618358,
      "cvar": 0.6862236439596447
    },
    "2b_VolNet_naive": {
      "mshe": 0.26248869120996826,
      "cvar": 0.5136078695039891
    },
    "3_Ridge": {
      "mshe": 0.32512716439264827,
      "cvar": 1.0912740101091476
    },
    "4_MLP_MSHE": {
      "mshe": 0.2296634006394343,
      "cvar": 0.724457391509153
    },
    "5_MLP_CVaR_sel": {
      "mshe": 0.23143407825396048,
      "cvar": 0.7115728448304425
    },
    "6_MLP_CVaR_e2e": {
      "mshe": 0.29106709766711236,
      "cvar": 0.4537664868853376
    }
  }
}