{
  "merton_lam0.25": {
    "1_BS_Delta": {
      "mshe": 0.011646129551904597,
      "cvar": 0.16286230808920132
    },
    "2_VolNet": {
      "mshe": 0.010582631846552712,
      "cvar": 0.14266223866821376
    },
    "2b_VolNet_naive": {
      "mshe": 0.010555188828176106,
      "cvar": 0.14073474204153955
    },
    "3_Ridge": {
      "mshe": 0.11507105104437838,
      "cvar": 0.7748811447418134
    },
    "4_MLP_MSHE": {
      "mshe": 0.011158219460737705,
      "cvar": 0.17083836817474599
    },
    "5_MLP_CVaR_sel": {
      "mshe": 0.011292981367522848,
      "cvar": 0.1701562488447719
    },
    "6_MLP_CVaR_e2e": {
      "mshe": 0.010719536790117948,
      "cvar": 0.13816268183379726
    }
  },
  "merton_lam0.50": {
    "1_BS_Delta": {
      "mshe": 0.036341264097179554,
      "cvar": 0.21773432436868603
    },
    "2_VolNet": {
      "mshe": 0.03216104584728281,
      "cvar": 0.21470475444440743
    },
    "2b_VolNet_naive": {
      "mshe": 0.03296242788676686,
      "cvar": 0.1910597315084764
    },
    "3_Ridge": {
      "mshe": 0.13672448613596866,
      "cvar": 0.8254613775921511
    },
    "4_MLP_MSHE": {
      "mshe": 0.03130751585870485,
      "cvar": 0.24433956120151065
    },
    "5_MLP_CVaR_sel": {
      "mshe": 0.03198762646717497,
      "cvar": 0.2357678743475466
    },
    "6_MLP_CVaR_e2e": {
      "mshe": 0.03375506049449902,
      "cvar": 0.1802986811107851
    }
  },
  "merton_lam1.00": {
    "1_BS_Delta": {
      "mshe": 0.060694208423833315,
      "cvar": 0.3020897999185435
    },
    "2_VolNet": {
      "mshe": 0.049179011386574094,
      "cvar": 0.3123756338561393
    },
    "2b_VolNet_naive": {
      "mshe": 0.05230936769047923,
      "cvar": 0.26722314380834256
    },
    "3_Ridge": {
      "mshe": 0.16091299944152754,
      "cvar": 0.8867150444522727
    },
    "4_MLP_MSHE": {
      "mshe": 0.04718254626711489,
      "cvar": 0.36493769661985476
    },
    "5_MLP_CVaR_sel": {
      "mshe": 0.04920921717589318,
      "cvar": 0.3354747835897955
    },
    "6_MLP_CVaR_e2e": {
      "mshe": 0.05623566529431166,
      "cvar": 0.24545298400110885
    }
  },
  "merton_lam2.00": {
    "1_BS_Delta": {
      "mshe": 0.1137258399851306,
      "cvar": 0.4489456413336096
    },
    "2_VolNet": {
      "mshe": 0.08240602156916298,
      "cvar": 0.4776259641259505
    },
    "2b_VolNet_naive": {
      "mshe": 0.09341394941638682,
      "cvar": 0.3913926951151896
    },
    "3_Ridge": {
      "mshe": 0.20264472202101896,
      "cvar": 1.0047359851281088
    },
    "4_MLP_MSHE": {
      "mshe": 0.07904880881435243,
      "cvar": 0.5155464064563212
    },
    "5_MLP_CVaR_sel": {
      "mshe": 0.08583505317282411,
      "cvar": 0.4836095682040701
    },
    "6_MLP_CVaR_e2e": {
      "mshe": 0.1031387303079369,
      "cvar": 0.3598540882250716
    }
  }
}