{
  "heston_rho-0.3": {
    "1_BS_Delta": {
      "mshe": 0.009023411499331075,
      "cvar": 0.2518948392905557
    },
    "1b_Heston_Delta": {
      "mshe": 0.0074223891824981274,
      "cvar": 0.2291640926168205
    },
    "2_VolNet": {
      "mshe": 0.008493800509927265,
      "cvar": 0.24045716069487139
    },
    "2b_VolNet_naive": {
      "mshe": 0.008706256090451985,
      "cvar": 0.24546569277325359
    },
    "3_Ridge": {
      "mshe": 0.14590397719536272,
      "cvar": 0.9265761168575838
    },
    "4_MLP_MSHE": {
      "mshe": 0.008908621186586847,
      "cvar": 0.2452551937196202
    },
    "5_MLP_CVaR_sel": {
      "mshe": 0.008874206233511494,
      "cvar": 0.24469035943900908
    },
    "6_MLP_CVaR_e2e": {
      "mshe": 0.008785430542086308,
      "cvar": 0.23818214577114846
    }
  },
  "heston_rho-0.5": {
    "1_BS_Delta": {
      "mshe": 0.008365118348099302,
      "cvar": 0.2479031164816116
    },
    "1b_Heston_Delta": {
      "mshe": 0.007291759630463759,
      "cvar": 0.23369336270310695
    },
    "2_VolNet": {
      "mshe": 0.00762516889425199,
      "cvar": 0.2334517018610957
    },
    "2b_VolNet_naive": {
      "mshe": 0.00793842419506856,
      "cvar": 0.24022259951030792
    },
    "3_Ridge": {
      "mshe": 0.1423620927147707,
      "cvar": 0.9180206663692099
    },
    "4_MLP_MSHE": {
      "mshe": 0.008027350895711837,
      "cvar": 0.23767291646253447
    },
    "5_MLP_CVaR_sel": {
      "mshe": 0.008043213055543036,
      "cvar": 0.2372433751905802
    },
    "6_MLP_CVaR_e2e": {
      "mshe": 0.007722685123352084,
      "cvar": 0.22895142892368922
    }
  },
  "heston_rho-0.7": {
    "1_BS_Delta": {
      "mshe": 0.007653509554982486,
      "cvar": 0.2438826774088589
    },
    "1b_Heston_Delta": {
      "mshe": 0.007206621419109551,
      "cvar": 0.241828720975223
    },
    "2_VolNet": {
      "mshe": 0.006572897799326985,
      "cvar": 0.2235273092040316
    },
    "2b_VolNet_naive": {
      "mshe": 0.006990865533611895,
      "cvar": 0.23244146647683472
    },
    "3_Ridge": {
      "mshe": 0.1382382430655456,
      "cvar": 0.9092931344592179
    },
    "4_MLP_MSHE": {
      "mshe": 0.006701036309054885,
      "cvar": 0.22237669904904142
    },
    "5_MLP_CVaR_sel": {
      "mshe": 0.006736279771832024,
      "cvar": 0.2224083503765449
    },
    "6_MLP_CVaR_e2e": {
      "mshe": 0.006418331497387042,
      "cvar": 0.21471449995840822
    }
  }
}